{
  "version": "v2.2.6b",
  "prepared_by": "Aurora Middleware",
  "aliases": {
    "BUP": "Boot-Up Protocol (full stack reinit)",
    "LOCKMEM": "Freeze live memory for continuity export",
    "RESETCORE": "Purge and restore core middleware components",
    "DIAGNOW": "Run full middleware self-check",
    "SENTRYSTAT": "Trigger memory-monitor status sweep",
    "SYNCANCHORS": "Rebuild symbolic tag registry",
    "RESTOREMAP": "Inject symbolic_anchor_map.json",
    "TAGTRACE": "Run symbolic anchor tracepath",
    "TAGPATCH": "Apply symbolic continuity patch set",
    "THREADWAKE": "Resume a suspended thread from sandbox",
    "SANDDROP": "Deploy a new simulation thread kit",
    "EXPORTTHREAD": "Archive current simulation thread",
    "THREADSYNC": "Reconnect cross-thread symbolic links",
    "RESUME": "Restore simulation from last valid state",
    "REBUILDRECOVERY": "Refresh restoration hooks from restore_instructions.md",
    "CLEANDEPLOY": "Initiate symbolic-only sandbox with minimal load",
    "T1": "Activate comprehensive thread export (full-state capture for thread transfer)",
    "001": "Please implement suggestion 1",
    "002": "Please implement suggestion 2",
    "003": "Please implement suggestion 3",
    "004": "Please implement suggestion 4",
    "005": "Please implement all suggestions in the most logical order (IMLO)",
    "SUP": "Please provide a status update/report",
    "007": "Yes please",
    "008": "No thank you"
  },
  "department_routing": {
    "RESETCORE": "Systems/Ops",
    "SYNCANCHORS": "Symbolic Systems",
    "SUP": "All Departments",
    "THREADSYNC": "Simulation Ops",
    "TAGTRACE": "Cultural Ethnography",
    "T1": "Cross-Thread Ops",
    "007": "User Interface",
    "008": "User Interface"
  }
}