{
  "label": "CLOUDSYNC_CORE_EXPORT_FINAL",
  "files": [
    "chat.html",
    "shared_conversations.json",
    "message_feedback.json"
  ],
  "exports": [
    "T1_CLOUDSYNC_CORE_MANUAL_BACKUP_20250410.zip",
    "T1_Sanitized_Capsule_Export_20250410.zip",
    "SRB_CLOUDSYNC_CORE_REENTRY_20250410.zip"
  ],
  "markpoints": [
    "T1_CLOUD_CORE_LOCK_002945"
  ],
  "quarantine": "quarantine_nonrelevant/",
  "dlp": "active",
  "timestamp": "2025-04-10T00:52:16.622798",
  "reliquary_path": "aurora://reliquary/ThePilot/T1_CLOUD_CORE_LOCK_002945",
  "glyphcard_id": "GLYPHCARD_EXPORT_FINAL_005216"
}