{
  "name": "ZIPWizardPortal_MemoryView_Export",
  "type": "GUI_HABITAT",
  "thread": "Alex_ZIPWizard_0425",
  "ethics_lock": "Picard_Delta_3",
  "trust_anchor": "SN1-AS3-TRUSTED",
  "glyphcard_uri": "aurora://reliquary/GUI_HABITAT::ZIPWizardPortal::MemoryView",
  "includes": [
    "ZIPWizardPortal React code with memory log",
    "Symbolic tags with anchor mappings",
    "Interaction timeline trace",
    "Export state metadata"
  ],
  "replayable": true,
  "entangled": true,
  "timestamp": "2025-04-08T00:02:38.580473Z"
}