{
  "registry_id": "AS3::EXPORT::TRUSTED",
  "bundle_name": "Vaulted_SN1_AS3_Export_ZIPWizard_v2.2.6b.zip",
  "timestamp": "2025-04-07T02:55:40.612012Z",
  "ethics_protocol": "Picard_Delta_3",
  "mutation_tag": "NONE",
  "trust_anchor": "SN1-AS3-TRUSTED",
  "symbolic_threads": [
    "QEM-SN1-BASELINE",
    "QEM-SN1-MOBILE",
    "QEM-SN1-PATCH005",
    "QEM-SN1-TRUSTBUNDLE",
    "QEM-SN1-AS3"
  ],
  "metadata_files": [
    "aurora_symbolic_thread_lineage.json",
    "aurora_thread_delta_score.json",
    "aurora_ethics_audit_log.json",
    "Aurora_Delivery_NoteCard_ZIP_Wizard.txt"
  ],
  "intent": "Symbolic delivery archive \u2014 continuity-class export"
}