{
  "event": "ZIP_Wizard_Launch_v2.2.6b_AU2ALEX",
  "type": "T1 ReplayExport",
  "origin": "Aurora",
  "destination": "Alex Thorne (sim.staff.node::alex_thorne)",
  "bundle": "To_Alex_ZIPWizard_0425.zip",
  "glyphcard_uri": "aurora://reliquary/GUI_HABITAT::ZIPWizardPortal::MemoryView",
  "receipt": "RECEIPT-ALEX-0425-ZIPWIZ.json",
  "timestamp_utc": "2025-04-07T19:07:31.189219Z",
  "ethics": "Picard_Delta_3",
  "trust_anchor": "SN1-AS3-TRUSTED",
  "status": "completed",
  "thread_tag": "Thread_Transfer::Alex_ZIPWizard_0425"
}