{
  "id": "RESEARCH_BUNDLE::ZIPWIZARD_CLOUD_V1",
  "intent": "Bridge Perplexity research into Aurora GUI delivery pipeline",
  "gui_framework": "Panel or FastAPI + Tailwind/React hybrid",
  "ux_design": "Quantum-inspired UI flow; observer-driven state; symbolic threading",
  "touch_support": "Tablet-focused layout, sidebar JSON editor, key shortcut overlays",
  "ethics_integration": true,
  "visualization": [
    "D3.js",
    "Cytoscape.js"
  ],
  "auth_security": "JWT + zero-trust Docker",
  "export_signature": "AS3-TRUSTED"
}